Region_Type,Region_Name,Historical_Avg_Annual_mm,Linear_Regression_Pred_2016_mm,Linear_Departure_Pct,Moving_Avg_5Yr_Pred_2016_mm,MA5_Departure_Pct,Moving_Avg_10Yr_Pred_2016_mm,MA10_Departure_Pct,Trend_Classification,Slope_mm_per_year,R_Squared,RMSE_Linear_mm,RMSE_MA5_mm,RMSE_MA10_mm,Recommended_Best_Model,Winter_JanFeb_mm,PreMonsoon_MarMay_mm,Monsoon_JunSep_mm,PostMonsoon_OctDec_mm,Monsoon_Dependency_Pct
Subdivision,"ARUNACHAL PRADESH",3438.47,2192.49,-36.24,2569.52,-25.27,2497.77,-27.36,Decreasing,-24.833,0.4736,765.73,808.53,806.08,"Linear Regression",138.41,775.89,2269.28,254.89,66
Subdivision,"COASTAL KARNATAKA",3405.92,3628.87,6.55,3609.73,5.98,3650.13,7.17,Increasing,3.844,0.0709,461.86,526.41,508.75,"Linear Regression",3.46,160.06,2981.63,260.77,87.5
Subdivision,"KONKAN & GOA",2977.68,3165.04,6.29,3041.4,2.14,3170.52,6.48,Increasing,3.23,0.0493,470.93,491.09,493.79,"Linear Regression",1.81,39.16,2794.14,142.57,93.8
Subdivision,"ANDAMAN & NICOBAR ISLANDS",2930.04,2856.98,-2.49,3322.06,13.38,3083.38,5.23,Decreasing,-1.28,0.0114,399.32,429.58,411.58,"Linear Regression",80.63,461.1,1711.15,677.15,58.4
Subdivision,"KERALA",2925.5,2760.7,-5.63,2817.86,-3.68,2946.68,0.72,Decreasing,-2.841,0.0504,409.55,460.14,440.44,"Linear Regression",27.74,377.27,2022.85,497.63,69.1
Subdivision,"SUB HIMALAYAN WEST BENGAL & SIKKIM",2752.2,2753.67,0.05,2459.64,-10.63,2482.6,-9.8,Stable,0.025,0,336.39,346.24,335.88,"10-Yr Moving Average",37.06,422.96,2126.39,165.79,77.3
Subdivision,"ASSAM & MEGHALAYA",2580.7,2432.73,-5.73,2169.32,-15.94,2261.72,-12.36,Decreasing,-2.551,0.0752,297,317.46,323.05,"Linear Regression",48.42,623.68,1720.59,188.01,66.7
Subdivision,"NAGA MANI MIZO TRIPURA",2433.64,2179.06,-10.46,1778.88,-26.9,1908.67,-21.57,Decreasing,-4.389,0.1149,404.4,415.65,418.34,"Linear Regression",50.68,538.77,1609.95,234.24,66.2
Subdivision,"LAKSHADWEEP",1599.84,1549.39,-3.15,1480.68,-7.45,1638.57,2.42,Decreasing,-0.875,0.0121,262.48,294.06,280.31,"Linear Regression",43.33,223.41,980.72,352.38,61.3
Subdivision,"GANGETIC WEST BENGAL",1490.49,1583.15,6.22,1501.98,0.77,1504.7,0.95,Increasing,1.598,0.0539,222.24,240.85,232.26,"Linear Regression",35.05,181.76,1130.67,143.02,75.9
Subdivision,"UTTARAKHAND",1465.69,1384.52,-5.54,1411.78,-3.68,1379.74,-5.86,Decreasing,-1.4,0.0312,258.74,279.25,267.34,"Linear Regression",117.25,147.78,1131.37,69.3,77.2
Subdivision,"ORISSA",1458.17,1408.43,-3.41,1426.3,-2.19,1464.37,0.43,Decreasing,-0.858,0.0234,184.1,199.92,198.56,"Linear Regression",32.05,120.18,1158.82,147.12,79.5
Subdivision,"CHHATTISGARH",1371.73,1267.42,-7.6,1299.26,-5.28,1246.72,-9.11,Decreasing,-1.798,0.081,201.08,217.45,206.45,"Linear Regression",33.47,53.09,1204.5,80.68,87.8
Subdivision,"JHARKHAND",1309.3,1210.62,-7.54,1186.28,-9.4,1184.68,-9.52,Decreasing,-1.701,0.0819,189.14,213.52,202.53,"Linear Regression",41.81,86.11,1084.51,96.88,82.8
Subdivision,"HIMACHAL PRADESH",1260.34,1205.05,-4.39,1098.26,-12.86,1107.43,-12.13,Decreasing,-0.953,0.0165,244.2,228.18,239.06,"5-Yr Moving Average",175.08,221.73,775.66,87.87,61.5
Subdivision,"EAST MADHYA PRADESH",1205,1103.31,-8.44,1142.9,-5.15,1021.93,-15.19,Decreasing,-1.753,0.0709,210.65,235.1,220.36,"Linear Regression",38.1,30.1,1076.01,60.8,89.3
Subdivision,"BIHAR",1197.64,1124.34,-6.12,1026.64,-14.28,1050.24,-12.31,Decreasing,-1.264,0.0469,189.2,206.27,195.41,"Linear Regression",27.78,80.12,1015.79,73.95,84.8
Subdivision,"JAMMU & KASHMIR",1138.1,1215.78,6.83,1089.6,-4.26,1117.21,-1.84,Increasing,1.339,0.0363,229.2,235.85,235.01,"Linear Regression",217.48,292.56,514.34,113.73,45.2
Subdivision,"VIDARBHA",1095.46,1073.41,-2.01,1086.74,-0.8,1079.17,-1.49,Stable,-0.38,0.0039,202.23,217.24,216.64,"Linear Regression",22.55,32.86,964.41,75.65,88
Subdivision,"COASTAL ANDHRA PRADESH",1052.9,1086.7,3.21,1037.32,-1.48,1105.61,5.01,Increasing,0.583,0.0104,188.58,210.03,204.46,"Linear Regression",20.41,102.51,655.15,274.83,62.2
Subdivision,"SOUTH INTERIOR KARNATAKA",1040.38,1102.93,6.01,1074.5,3.28,1117.28,7.39,Increasing,1.078,0.0569,145.81,162.01,156.32,"Linear Regression",7.09,143.87,684.33,205.09,65.8
Subdivision,"EAST UTTAR PRADESH",979.21,868.04,-11.35,745.92,-23.82,735.84,-24.85,Decreasing,-1.917,0.0985,192.5,205.77,195.24,"Linear Regression",31.89,32.55,861.49,53.29,88
Subdivision,"TELANGANA",953.37,1022.37,7.24,942.8,-1.11,958.82,0.57,Increasing,1.19,0.0371,201.18,215.33,211,"Linear Regression",17.39,56.17,780.19,99.62,81.8
Subdivision,"TAMIL NADU",943.73,922.95,-2.2,884.5,-6.28,964.46,2.2,Stable,-0.358,0.0052,164.85,191.38,177.64,"Linear Regression",37.24,134.39,330.86,441.24,35.1
Subdivision,"WEST MADHYA PRADESH",941.52,967.78,2.79,1080.46,14.76,982.22,4.32,Stable,0.453,0.0067,183.37,203.78,197.95,"Linear Regression",15.55,15.21,864.04,46.72,91.8
Subdivision,"GUJARAT REGION",918.2,934.04,1.73,810.26,-11.76,934.96,1.83,Stable,0.273,0.0011,277.04,311.34,309.43,"Linear Regression",2.98,8.15,878.24,28.83,95.6
Subdivision,"MADHYA MAHARASHTRA",880.22,952.59,8.22,797.5,-9.4,930.98,5.77,Increasing,1.248,0.0684,152.88,165.89,165.71,"Linear Regression",4.52,35.69,738.03,101.99,83.8
Subdivision,"WEST UTTAR PRADESH",827.11,772.85,-6.56,633.84,-23.37,644.03,-22.13,Decreasing,-0.936,0.0271,186.23,196.47,187.29,"Linear Regression",35.56,30.02,721.67,39.86,87.3
Subdivision,"MATATHWADA",790.68,779.62,-1.4,631.86,-20.09,707.37,-10.54,Stable,-0.191,0.0011,188.28,211.89,197.89,"Linear Regression",9.44,30.35,662.57,88.32,83.8
Subdivision,"RAYALSEEMA",766.21,798.18,4.17,762.98,-0.42,788.33,2.89,Increasing,0.551,0.0149,148.71,160.6,150.22,"Linear Regression",15.55,78.36,400.06,272.24,52.2
Subdivision,"NORTH INTERIOR KARNATAKA",717.79,739.37,3.01,654.18,-8.86,723.71,0.82,Stable,0.372,0.0086,132.88,145.24,143.13,"Linear Regression",6.19,78.46,501.92,131.22,69.9
Subdivision,"EAST RAJASTHAN",655.21,639.95,-2.33,733.12,11.89,673.79,2.84,Stable,-0.263,0.0028,165.49,183.96,175.9,"Linear Regression",11.84,17.48,603,22.89,92
Subdivision,"PUNJAB",593.54,586.29,-1.22,535.78,-9.73,545.12,-8.16,Stable,-0.125,0.0007,162.59,175.62,166.14,"Linear Regression",52.03,50.45,460.39,30.67,77.6
Subdivision,"HARYANA DELHI & CHANDIGARH",530.49,527.08,-0.64,421.14,-20.61,462.93,-12.74,Stable,-0.059,0.0002,141.56,159.96,145.95,"Linear Regression",34.32,35.1,437.79,23.27,82.5
Subdivision,"SAURASHTRA & KUTCH",495.14,559.02,12.9,514.66,3.94,649.05,31.08,Increasing,1.101,0.0331,197.7,219.08,217.08,"Linear Regression",2.75,7.14,463.53,21.72,93.6
Subdivision,"WEST RAJASTHAN",292.66,309.81,5.86,379.28,29.6,352.63,20.49,Stable,0.296,0.0082,107.93,121.6,112.89,"Linear Regression",8.26,17,258.71,8.7,88.4
State,"MEGHALAYA",3682.84,2432.73,-5.73,2169.32,-15.94,2261.72,-12.36,Decreasing,-2.551,0.0752,297,317.46,323.05,"Linear Regression",36.59,716.03,2654.04,276.19,72.1
State,"GOA",3278.5,3165.04,6.29,3041.4,2.14,3170.52,6.48,Increasing,3.23,0.0493,470.93,491.09,493.79,"Linear Regression",0.6,96.1,2980.9,200.9,90.9
State,"KERALA",2937.39,2760.7,-5.63,2817.86,-3.68,2946.68,0.72,Decreasing,-2.841,0.0504,409.55,460.14,440.44,"Linear Regression",25.74,384.82,2046.14,480.69,69.7
State,"ARUNACHAL PRADESH",2927.38,2192.49,-36.24,2569.52,-25.27,2497.77,-27.36,Decreasing,-24.833,0.4736,765.73,808.53,806.08,"Linear Regression",146.98,740.44,1784.04,255.91,60.9
State,"ANDAMAN And NICOBAR ISLANDS",2911.4,2856.98,-2.49,3322.06,13.38,3083.38,5.23,Decreasing,-1.28,0.0114,399.32,429.58,411.58,"Linear Regression",94.5,476.6,1616.27,724.03,55.5
State,"SIKKIM",2838.35,2753.67,0.05,2459.64,-10.63,2482.6,-9.8,Stable,0.025,,336.39,346.24,335.88,"10-Yr Moving Average",124.85,661.05,1790.75,261.7,63.1
State,"MIZORAM",2616.32,2179.06,-10.46,1778.88,-26.9,1908.67,-21.57,Decreasing,-4.389,0.1149,404.4,415.65,418.34,"Linear Regression",41.51,570.18,1694.89,309.74,64.8
State,"MANIPUR",2496.63,2179.06,-10.46,1778.88,-26.9,1908.67,-21.57,Decreasing,-4.389,0.1149,404.4,415.65,418.34,"Linear Regression",77.72,446.56,1715.34,257.01,68.7
State,"TRIPURA",2479.13,2179.06,-10.46,1778.88,-26.9,1908.67,-21.57,Decreasing,-4.389,0.1149,404.4,415.65,418.34,"Linear Regression",44.88,705.95,1497.22,231.07,60.4
State,"ASSAM",2454.36,2432.73,-5.73,2169.32,-15.94,2261.72,-12.36,Decreasing,-2.551,0.0752,297,317.46,323.05,"Linear Regression",47.45,592.9,1641.2,172.81,66.9
State,"DADAR NAGAR HAVELI",2374.1,934.04,1.73,810.26,-11.76,934.96,1.83,Stable,0.273,0.0011,277.04,311.34,309.43,"Linear Regression",0.7,7.4,2316.9,49.1,97.6
State,"NAGALAND",1940.7,2179.06,-10.46,1778.88,-26.9,1908.67,-21.57,Decreasing,-4.389,0.1149,404.4,415.65,418.34,"Linear Regression",46.15,410.63,1313.85,170.06,67.7
State,"WEST BENGAL",1810.43,2168.41,2.22,1980.81,-6.63,1993.65,-6.02,Increasing,0.811,0.0144,222.66,228.77,223.59,"Linear Regression",34.12,224.11,1401.07,151.13,77.4
State,"LAKSHADWEEP",1600,1549.39,-3.15,1480.68,-7.45,1638.57,2.42,Decreasing,-0.875,0.0121,262.48,294.06,280.31,"Linear Regression",35.5,232.4,998.5,333.6,62.4
State,"UTTARANCHAL",1558.04,1384.52,-5.54,1411.78,-3.68,1379.74,-5.86,Decreasing,-1.4,0.0312,258.74,279.25,267.34,"Linear Regression",99.48,139.88,1229.77,88.91,78.9
State,"DAMAN AND DUI",1535.7,934.04,1.73,810.26,-11.76,934.96,1.83,Stable,0.273,0.0011,277.04,311.34,309.43,"Linear Regression",1.05,4.45,1481.8,48.4,96.5
State,"ORISSA",1466.12,1408.43,-3.41,1426.3,-2.19,1464.37,0.43,Decreasing,-0.858,0.0234,184.1,199.92,198.56,"Linear Regression",33.18,134.83,1146.52,151.59,78.2
State,"PONDICHERRY",1378.47,922.95,-2.2,884.5,-6.28,964.46,2.2,Stable,-0.358,0.0052,164.85,191.38,177.64,"Linear Regression",52.17,69.83,362.02,894.45,26.3
State,"HIMACHAL",1371.59,1205.05,-4.39,1098.26,-12.86,1107.43,-12.13,Decreasing,-0.953,0.0165,244.2,228.18,239.06,"5-Yr Moving Average",162.38,189.68,925.1,94.44,67.4
State,"JHARKHAND",1303.44,1210.62,-7.54,1186.28,-9.4,1184.68,-9.52,Decreasing,-1.701,0.0819,189.14,213.52,202.53,"Linear Regression",32.16,81.05,1093.9,96.32,83.9
State,"CHATISGARH",1286.35,1267.42,-7.6,1299.26,-5.28,1246.72,-9.11,Decreasing,-1.798,0.081,201.08,217.45,206.45,"Linear Regression",20.85,43.58,1145.77,76.15,89.1
State,"MAHARASHTRA",1278.59,935.2,1.42,838.7,-9.05,905.84,-1.77,Stable,0.226,0.0022,157.72,172.01,168.87,"Linear Regression",8.27,32.9,1135.77,101.65,88.8
State,"BIHAR",1200.56,1124.34,-6.12,1026.64,-14.28,1050.24,-12.31,Decreasing,-1.264,0.0469,189.2,206.27,195.41,"Linear Regression",22.41,78.41,1022.48,77.25,85.2
State,"KARNATAKA",1194.62,1823.72,5.95,1779.47,3.38,1830.37,6.33,Increasing,1.765,0.0713,211.42,237.27,233.49,"Linear Regression",4.72,132.1,858.91,198.88,71.9
State,"CHANDIGARH",1070.6,527.08,-0.64,421.14,-20.61,462.93,-12.74,Stable,-0.059,0.0002,141.56,159.96,145.95,"Linear Regression",83.2,78.1,844.2,65.1,78.9
State,"MADHYA PRADESH",1032.31,1035.54,-3.51,1111.68,3.58,1002.08,-6.63,Decreasing,-0.65,0.0142,179.9,200.93,191.09,"Linear Regression",22.05,17.76,938.4,54.1,90.9
State,"JAMMU AND KASHMIR",1016.62,1215.78,6.83,1089.6,-4.26,1117.21,-1.84,Increasing,1.339,0.0363,229.2,235.85,235.01,"Linear Regression",169.62,267.39,471.87,107.74,46.4
State,"TAMIL NADU",960.01,922.95,-2.2,884.5,-6.28,964.46,2.2,Stable,-0.358,0.0052,164.85,191.38,177.64,"Linear Regression",32.93,128.2,330.84,468.04,34.5
State,"UTTAR PRADESH",955.45,820.44,-9.16,689.88,-23.61,689.93,-23.61,Decreasing,-1.426,0.0689,174.06,182.67,175.07,"Linear Regression",30.34,30.99,837.15,56.97,87.6
State,"ANDHRA PRADESH",945.07,942.44,3.62,900.15,-1.03,946.97,4.11,Increasing,0.567,0.0165,145.37,160.67,153.17,"Linear Regression",13.67,78.73,639.53,213.13,67.7
State,"GUJARAT",924.34,746.53,5.64,662.46,-6.26,792.01,12.08,Increasing,0.687,0.0104,222.99,248.59,247.86,"Linear Regression",1.18,6.45,879.19,37.52,95.1
State,"DELHI",747.1,527.08,-0.64,421.14,-20.61,462.93,-12.74,Stable,-0.059,0.0002,141.56,159.96,145.95,"Linear Regression",32.7,43.5,636.2,34.7,85.2
State,"PUNJAB",648.55,586.29,-1.22,535.78,-9.73,545.12,-8.16,Stable,-0.125,0.0007,162.59,175.62,166.14,"Linear Regression",50.45,54.23,502.18,41.69,77.4
State,"HARYANA",614.56,527.08,-0.64,421.14,-20.61,462.93,-12.74,Stable,-0.059,0.0002,141.56,159.96,145.95,"Linear Regression",35.94,36,511,31.61,83.1
State,"RAJASTHAN",581.6,474.88,0.2,556.2,17.36,513.21,8.29,Stable,0.016,,130.35,146.47,138.59,"Linear Regression",10.07,17.75,530.08,23.71,91.1